Order ID,Customer ID,Product ID,Order Date,Order Amount,Delivery Date
1,826,633,8/25/2023,$425.72,8/17/2022
2,975,368,1/12/2024,$116.23,4/22/2023
3,213,884,12/16/2021,$286.72,11/5/2020
4,789,675,8/19/2023,$462.22,8/25/2020
5,187,142,8/24/2023,$205.83,1/8/2024
6,299,673,9/4/2023,$465.05,8/13/2024
7,621,339,1/21/2022,$471.40,5/30/2021
8,1000,78,2/7/2020,$400.69,12/18/2021
9,489,341,12/31/2022,$495.16,10/28/2024
10,127,895,3/29/2025,$186.15,1/21/2025
11,40,274,6/17/2024,$440.17,2/18/2020
12,831,500,7/4/2021,$331.68,10/13/2023
13,209,551,7/19/2020,$284.67,4/10/2024
14,239,68,10/15/2023,$373.30,10/26/2020
15,527,471,9/16/2021,$124.74,9/19/2024
16,767,570,5/27/2021,$139.05,3/3/2021
17,183,591,11/5/2020,$158.87,12/26/2021
18,18,796,6/1/2023,$364.95,11/17/2024
19,592,174,3/3/2021,$269.53,8/5/2023
20,967,410,3/22/2024,$190.31,8/22/2020
21,987,401,5/24/2022,$485.92,7/8/2022
22,1,381,4/16/2022,$125.83,3/2/2025
23,368,156,11/3/2024,$326.20,5/19/2021
24,594,24,6/4/2023,$150.16,6/22/2020
25,261,68,1/16/2022,$16.42,4/4/2020
26,938,178,6/13/2023,$296.63,11/11/2024
27,265,229,1/5/2023,$379.37,9/30/2021
28,912,633,2/8/2022,$499.09,11/10/2021
29,435,977,11/18/2023,$87.04,10/16/2020
30,985,416,5/6/2022,$82.69,3/4/2021
31,931,741,8/21/2023,$134.22,5/26/2021
32,72,14,10/15/2022,$156.05,1/15/2020
33,935,851,9/27/2024,$445.68,2/27/2024
34,880,351,1/3/2025,$451.76,7/4/2023
35,29,24,8/26/2024,$411.02,4/19/2020
36,309,736,10/6/2022,$447.67,1/13/2022
37,270,724,1/8/2020,$471.30,4/23/2020
38,400,832,9/24/2023,$40.33,5/10/2022
39,661,174,2/19/2021,$185.11,1/11/2022
40,853,323,9/14/2022,$423.44,3/29/2021
41,348,563,12/22/2020,$142.53,7/23/2020
42,56,892,7/29/2024,$49.26,11/27/2023
43,946,976,9/12/2021,$199.87,2/11/2023
44,234,828,12/1/2023,$121.96,1/5/2020
45,631,276,4/15/2022,$253.82,6/18/2022
46,853,324,9/13/2021,$204.44,3/25/2020
47,589,615,3/14/2021,$28.61,12/28/2021
48,365,621,5/25/2023,$81.17,4/13/2021
49,367,354,6/14/2020,$31.80,5/26/2021
50,906,540,3/16/2023,$102.79,10/11/2021
51,476,105,6/25/2023,$450.41,3/21/2021
52,966,769,9/19/2022,$274.20,2/15/2022
53,266,450,2/5/2025,$307.17,4/13/2020
54,83,733,10/14/2023,$402.30,4/13/2024
55,623,140,2/13/2023,$124.48,12/16/2020
56,743,89,4/26/2023,$334.66,4/4/2021
57,233,855,5/15/2023,$188.06,5/8/2021
58,346,743,5/9/2023,$498.97,10/16/2020
59,402,382,6/29/2023,$144.73,3/10/2021
60,501,281,12/16/2023,$256.33,7/5/2021
61,557,974,5/24/2021,$353.41,8/7/2024
62,549,341,1/19/2020,$341.09,3/17/2025
63,997,551,11/17/2022,$218.69,3/26/2024
64,878,814,11/30/2020,$309.08,5/6/2024
65,881,989,2/2/2023,$227.13,2/15/2020
66,801,985,1/10/2024,$178.90,5/27/2020
67,364,127,4/12/2020,$421.81,7/9/2024
68,235,391,8/13/2024,$347.38,4/15/2022
69,429,226,11/21/2023,$139.84,11/2/2021
70,835,903,9/28/2024,$302.61,9/29/2022
71,786,515,6/26/2023,$339.33,2/25/2025
72,310,107,4/1/2022,$359.31,7/13/2023
73,214,775,4/28/2023,$64.32,9/27/2023
74,224,459,9/13/2021,$218.49,5/19/2023
75,35,904,7/10/2023,$66.55,5/16/2024
76,975,359,5/17/2020,$314.00,3/21/2020
77,418,958,10/8/2020,$26.68,4/24/2021
78,240,30,8/21/2022,$202.92,10/6/2022
79,349,897,1/9/2024,$223.92,9/5/2023
80,422,30,3/7/2023,$137.32,12/18/2024
81,874,359,11/23/2021,$17.07,12/21/2023
82,574,295,12/28/2023,$495.84,10/25/2023
83,203,308,12/25/2022,$137.16,5/9/2022
84,180,867,10/29/2023,$334.17,1/25/2021
85,763,479,7/3/2023,$159.40,12/12/2021
86,849,320,6/10/2021,$119.07,4/12/2021
87,188,67,1/1/2022,$498.82,4/9/2020
88,490,592,8/17/2023,$200.54,1/6/2023
89,687,104,12/23/2024,$35.65,4/27/2021
90,345,376,12/2/2021,$444.65,7/12/2024
91,373,725,3/15/2021,$313.64,6/7/2021
92,913,500,2/7/2025,$382.17,9/12/2021
93,659,517,2/22/2023,$171.18,5/30/2020
94,212,231,5/7/2023,$232.88,5/24/2021
95,696,106,5/7/2022,$137.67,9/10/2023
96,908,683,1/8/2021,$426.43,3/18/2024
97,953,409,11/24/2023,$286.10,1/30/2025
98,971,781,9/27/2020,$423.13,12/25/2023
99,120,242,7/2/2024,$115.72,10/1/2020
100,830,824,2/15/2024,$487.30,4/4/2022
101,959,755,1/18/2023,$468.20,6/28/2023
102,353,905,4/11/2022,$314.95,7/18/2023
103,344,271,6/23/2020,$369.95,10/25/2023
104,307,307,1/19/2023,$290.66,7/29/2024
105,957,834,7/2/2024,$276.21,2/27/2020
106,218,472,11/30/2021,$288.69,2/25/2024
107,145,834,1/3/2025,$30.92,9/28/2022
108,703,761,8/31/2022,$455.06,1/25/2025
109,408,250,2/24/2025,$196.88,10/25/2021
110,601,668,6/25/2020,$165.19,12/15/2021
111,776,121,3/25/2020,$312.01,5/15/2020
112,561,717,5/19/2023,$261.30,1/26/2025
113,553,55,11/25/2022,$24.94,9/27/2020
114,680,376,6/22/2024,$478.86,10/13/2022
115,331,378,10/5/2024,$107.97,9/9/2023
116,215,969,10/18/2024,$63.57,8/8/2024
117,234,853,3/28/2021,$28.20,8/14/2022
118,425,568,1/7/2022,$407.41,9/14/2020
119,25,5,10/19/2022,$264.50,1/7/2025
120,437,528,11/16/2022,$491.87,9/9/2023
121,456,762,10/14/2021,$466.29,12/4/2023
122,783,690,10/12/2024,$492.70,11/18/2022
123,464,461,6/30/2023,$139.70,1/29/2025
124,289,659,10/25/2023,$65.78,8/27/2024
125,326,657,8/22/2022,$353.17,10/24/2021
126,832,111,12/12/2024,$145.76,7/2/2020
127,118,964,11/6/2020,$30.24,3/7/2024
128,570,118,2/9/2020,$329.53,2/6/2021
129,134,472,5/15/2023,$372.30,8/14/2024
130,176,273,12/18/2023,$131.65,2/28/2022
131,119,213,6/12/2024,$310.14,4/25/2020
132,128,764,3/11/2024,$181.60,1/26/2022
133,907,742,12/12/2023,$430.11,6/1/2021
134,895,832,8/9/2024,$169.86,2/26/2021
135,125,277,1/24/2023,$254.99,8/18/2020
136,313,69,11/15/2022,$426.62,6/19/2024
137,71,773,7/24/2021,$94.95,6/17/2024
138,364,104,5/8/2023,$464.29,6/3/2020
139,727,746,2/14/2021,$298.62,1/24/2025
140,800,126,2/19/2023,$453.82,1/25/2021
141,289,787,5/21/2024,$338.73,12/30/2021
142,291,562,4/2/2021,$300.83,3/9/2024
143,342,947,2/9/2023,$319.31,4/20/2024
144,144,918,7/31/2024,$298.64,11/7/2021
145,955,747,9/13/2020,$416.83,11/15/2021
146,666,661,6/9/2023,$365.52,8/17/2023
147,23,905,1/25/2020,$52.44,9/10/2023
148,247,867,4/12/2021,$226.08,7/10/2022
149,225,768,2/4/2022,$305.84,2/27/2024
150,683,12,6/20/2024,$405.04,6/21/2020
151,479,720,12/19/2021,$154.07,3/22/2023
152,257,418,10/30/2022,$160.26,11/29/2022
153,27,451,2/27/2025,$31.45,5/4/2020
154,578,46,2/10/2020,$491.45,7/7/2022
155,772,423,1/5/2020,$298.52,7/29/2024
156,616,370,11/19/2021,$60.04,9/7/2022
157,691,851,8/28/2023,$267.52,3/28/2023
158,697,253,2/14/2022,$283.52,6/18/2022
159,682,408,3/23/2025,$219.23,11/28/2024
160,174,170,8/14/2024,$16.15,11/27/2021
161,162,485,1/31/2021,$412.61,9/7/2023
162,601,715,9/16/2024,$360.90,10/9/2023
163,768,179,12/6/2022,$135.02,4/17/2022
164,648,695,10/22/2021,$423.38,6/16/2020
165,297,981,3/17/2021,$444.25,7/19/2021
166,501,716,1/9/2024,$499.57,4/16/2020
167,659,542,2/5/2025,$434.07,3/3/2025
168,4,611,5/9/2021,$258.02,12/9/2024
169,306,707,4/1/2024,$189.95,7/3/2020
170,350,428,10/11/2020,$442.61,3/11/2023
171,537,733,12/4/2021,$291.67,10/9/2021
172,893,996,10/22/2021,$236.53,5/15/2023
173,711,135,2/8/2021,$424.17,9/4/2023
174,812,834,6/2/2020,$182.71,3/15/2023
175,230,415,1/28/2025,$148.98,10/12/2023
176,871,303,10/9/2022,$80.26,7/16/2024
177,952,156,8/4/2024,$158.00,1/23/2025
178,240,210,6/2/2023,$463.19,3/31/2022
179,877,485,7/3/2023,$453.39,7/18/2021
180,448,278,6/20/2022,$170.59,11/30/2020
181,384,329,11/16/2021,$49.01,6/13/2020
182,931,233,6/7/2020,$311.22,5/10/2023
183,375,446,11/26/2024,$379.66,9/15/2023
184,812,341,4/7/2024,$37.40,3/18/2024
185,149,496,4/28/2020,$451.71,2/3/2021
186,222,376,6/3/2022,$118.50,1/12/2023
187,105,429,5/1/2020,$178.69,5/27/2021
188,863,661,11/6/2023,$113.08,12/12/2022
189,56,513,5/11/2024,$214.95,4/19/2022
190,878,887,7/30/2023,$383.35,4/17/2021
191,955,244,11/12/2024,$337.12,8/15/2023
192,952,910,6/12/2024,$309.36,9/26/2023
193,756,879,7/20/2024,$205.09,1/20/2020
194,435,248,2/10/2022,$393.48,7/3/2021
195,317,477,4/30/2021,$449.43,2/9/2022
196,302,722,7/16/2020,$411.19,11/3/2023
197,256,148,4/7/2022,$457.98,3/12/2022
198,417,538,1/31/2022,$220.05,8/31/2024
199,252,560,1/17/2020,$63.77,12/25/2024
200,644,812,10/26/2021,$225.28,7/2/2020
201,722,854,10/19/2022,$424.68,3/6/2025
202,617,156,8/23/2021,$77.58,10/8/2024
203,915,1,4/11/2023,$475.81,4/4/2020
204,287,160,3/31/2023,$365.19,11/25/2021
205,925,385,2/25/2021,$192.80,11/20/2020
206,935,262,7/26/2022,$214.55,2/22/2023
207,990,942,7/7/2021,$186.48,5/8/2023
208,883,943,12/19/2024,$75.61,8/19/2024
209,650,774,9/25/2023,$328.65,10/30/2024
210,154,799,12/1/2020,$290.05,9/22/2023
211,289,955,11/19/2020,$59.46,12/24/2024
212,353,305,4/16/2023,$387.29,11/15/2023
213,475,910,12/13/2020,$195.03,1/10/2024
214,212,661,4/1/2023,$194.12,9/11/2021
215,971,165,9/13/2020,$100.28,11/6/2020
216,890,786,5/4/2023,$256.12,2/18/2021
217,223,885,8/25/2021,$32.42,1/27/2023
218,120,601,11/15/2022,$103.31,2/21/2020
219,619,971,3/17/2025,$289.91,4/6/2023
220,673,134,7/31/2020,$367.98,10/13/2023
221,943,346,6/1/2022,$281.30,1/12/2025
222,518,635,5/26/2024,$127.78,3/4/2023
223,193,92,7/16/2022,$491.88,2/5/2020
224,491,877,6/17/2020,$240.55,4/6/2021
225,33,19,7/21/2021,$62.91,9/19/2022
226,177,621,6/7/2020,$113.62,6/28/2021
227,935,673,7/4/2024,$247.17,5/31/2023
228,983,203,6/25/2022,$424.01,6/29/2022
229,726,521,8/29/2023,$424.73,12/17/2021
230,659,701,4/27/2023,$231.94,5/19/2020
231,72,288,12/11/2022,$178.93,11/20/2020
232,868,303,1/23/2023,$47.76,9/23/2024
233,458,125,7/3/2021,$426.04,10/24/2022
234,204,531,10/22/2023,$30.76,1/8/2025
235,686,434,8/13/2024,$257.37,4/30/2023
236,527,934,3/16/2021,$186.61,12/22/2022
237,61,423,10/1/2022,$56.91,6/9/2024
238,389,337,4/4/2023,$263.66,10/30/2020
239,810,802,7/29/2023,$41.87,5/20/2022
240,734,593,1/7/2020,$330.70,12/28/2023
241,350,959,9/18/2020,$65.62,9/26/2023
242,624,80,10/19/2020,$439.27,5/8/2024
243,80,661,10/7/2021,$172.60,12/10/2024
244,111,383,2/11/2020,$263.88,10/23/2020
245,625,383,4/8/2023,$218.68,3/20/2025
246,123,861,9/4/2021,$436.05,5/19/2023
247,775,17,12/16/2023,$457.81,10/23/2021
248,195,762,12/28/2020,$224.40,2/1/2025
249,858,304,7/21/2023,$96.68,12/11/2023
250,422,552,6/28/2024,$441.35,4/7/2023
251,743,113,7/28/2022,$82.90,1/14/2021
252,729,66,7/10/2020,$463.01,1/2/2023
253,439,452,10/15/2022,$88.47,3/1/2025
254,133,913,9/29/2021,$135.29,6/13/2024
255,374,926,11/14/2023,$162.32,3/16/2020
256,580,566,2/29/2020,$16.97,2/1/2020
257,478,756,2/13/2025,$73.10,5/23/2021
258,953,595,3/22/2023,$289.37,6/2/2024
259,57,966,1/11/2023,$369.71,1/26/2022
260,192,379,3/28/2020,$264.04,11/5/2021
261,906,800,8/21/2022,$74.81,7/19/2023
262,569,490,12/3/2024,$331.72,10/22/2021
263,608,664,5/29/2023,$323.62,1/17/2025
264,672,307,12/21/2020,$300.39,4/12/2024
265,223,316,6/25/2020,$122.01,2/8/2022
266,737,981,5/18/2021,$72.84,3/10/2021
267,216,802,2/24/2025,$315.75,9/28/2020
268,992,377,2/11/2023,$354.09,4/5/2023
269,262,46,7/6/2023,$144.15,3/25/2023
270,523,191,3/24/2021,$392.91,10/28/2021
271,540,310,6/21/2024,$112.88,1/12/2020
272,685,388,8/1/2022,$68.74,10/22/2020
273,356,765,10/21/2024,$179.41,11/26/2021
274,730,23,6/26/2024,$300.90,6/23/2021
275,791,630,5/19/2024,$260.75,6/9/2022
276,769,164,5/4/2021,$232.08,3/7/2022
277,54,346,9/28/2020,$319.77,7/1/2022
278,370,409,5/30/2023,$212.68,5/1/2020
279,643,265,8/9/2024,$336.02,9/1/2022
280,301,616,2/25/2022,$368.29,1/28/2020
281,810,435,2/25/2022,$277.52,5/23/2023
282,542,122,10/5/2023,$60.15,5/10/2023
283,659,958,3/24/2023,$335.20,2/17/2022
284,826,660,4/20/2022,$244.61,2/1/2022
285,914,665,10/19/2024,$164.96,1/6/2023
286,565,921,5/14/2024,$65.09,9/18/2020
287,979,172,7/11/2021,$50.76,10/14/2023
288,390,220,5/8/2024,$45.82,11/15/2022
289,194,307,1/1/2025,$130.12,7/18/2024
290,191,717,6/5/2024,$332.15,2/15/2023
291,514,368,5/9/2020,$160.78,4/15/2023
292,725,939,5/26/2023,$126.89,11/29/2023
293,187,761,3/20/2020,$411.09,10/18/2020
294,362,677,1/9/2022,$107.57,10/29/2024
295,313,601,7/7/2022,$28.02,9/11/2023
296,963,548,9/29/2024,$34.57,11/15/2020
297,693,340,7/16/2021,$102.77,10/24/2022
298,857,628,1/21/2024,$165.02,8/25/2023
299,191,311,10/7/2023,$499.91,7/19/2024
300,341,739,6/15/2022,$369.04,2/26/2022
301,498,180,1/11/2022,$185.76,3/6/2020
302,854,18,1/11/2020,$52.72,2/3/2024
303,667,249,1/10/2020,$237.23,8/2/2024
304,275,327,3/30/2020,$493.26,8/25/2022
305,223,427,3/5/2020,$269.91,3/12/2021
306,577,343,1/17/2020,$263.11,3/25/2023
307,492,338,2/24/2021,$49.88,6/21/2023
308,367,757,1/11/2024,$339.04,4/8/2021
309,110,293,1/15/2020,$491.69,9/5/2024
310,11,367,5/12/2023,$140.65,7/6/2023
311,176,718,3/9/2024,$69.86,3/25/2024
312,482,788,8/16/2022,$110.25,11/25/2020
313,221,437,4/12/2022,$192.06,3/28/2021
314,361,431,6/22/2024,$325.87,1/21/2025
315,495,768,6/23/2023,$307.56,5/7/2021
316,241,923,4/8/2022,$315.83,2/13/2022
317,740,79,1/23/2024,$100.07,7/4/2023
318,863,746,5/13/2020,$208.71,12/18/2023
319,252,720,4/27/2021,$345.32,9/21/2023
320,407,993,1/22/2021,$192.94,8/23/2021
321,688,98,5/11/2024,$11.18,8/14/2020
322,309,434,6/20/2023,$419.13,1/1/2021
323,36,820,11/5/2022,$152.24,10/20/2022
324,920,197,3/5/2024,$50.05,7/14/2020
325,965,12,4/26/2022,$209.45,3/11/2025
326,215,797,9/28/2023,$281.82,11/23/2021
327,469,215,10/13/2021,$211.87,7/10/2023
328,267,279,4/21/2022,$370.66,8/15/2022
329,256,583,10/10/2023,$149.26,6/8/2020
330,160,698,8/7/2022,$419.15,1/9/2022
331,110,7,2/24/2025,$245.00,8/4/2024
332,160,424,8/24/2021,$150.04,1/10/2022
333,497,761,2/10/2021,$137.57,12/1/2023
334,250,810,10/31/2022,$96.35,12/16/2020
335,766,801,3/24/2021,$155.55,8/25/2021
336,866,436,3/13/2022,$319.35,12/2/2022
337,594,667,11/14/2020,$335.10,11/20/2024
338,108,773,10/6/2020,$284.19,1/18/2020
339,503,937,11/7/2024,$168.71,8/16/2021
340,996,856,7/20/2023,$96.67,10/6/2022
341,245,478,1/9/2023,$87.36,3/4/2023
342,897,461,7/20/2022,$236.93,1/7/2023
343,462,691,11/18/2021,$332.56,1/13/2022
344,136,832,3/3/2023,$34.24,8/13/2023
345,939,322,1/16/2025,$96.97,9/22/2024
346,179,555,3/2/2024,$431.01,9/22/2024
347,4,86,2/5/2025,$456.60,10/10/2023
348,756,442,7/14/2024,$53.52,10/26/2023
349,324,509,11/30/2021,$67.21,2/8/2024
350,917,477,4/11/2021,$457.01,3/19/2022
351,601,838,1/20/2024,$140.25,6/26/2022
352,827,531,7/14/2023,$248.75,4/6/2021
353,552,899,10/26/2022,$140.53,10/1/2023
354,206,308,9/26/2024,$91.53,3/11/2021
355,473,498,6/3/2022,$457.17,4/25/2022
356,131,392,6/14/2023,$361.23,7/10/2021
357,742,776,11/9/2023,$491.33,11/5/2023
358,323,988,11/29/2020,$363.76,6/30/2023
359,329,894,6/8/2021,$461.96,5/6/2024
360,735,403,2/10/2024,$144.50,4/25/2021
361,295,529,3/20/2024,$320.25,6/5/2024
362,112,155,1/4/2024,$399.52,3/20/2023
363,334,610,5/29/2024,$330.31,3/4/2024
364,809,671,10/19/2024,$89.09,1/27/2024
365,57,803,11/26/2021,$108.30,9/21/2020
366,562,147,8/25/2022,$220.62,1/9/2024
367,668,225,12/29/2022,$85.94,11/17/2020
368,964,591,6/26/2020,$10.18,1/23/2020
369,533,605,1/1/2021,$101.75,12/15/2022
370,767,698,11/14/2024,$87.75,1/7/2025
371,779,630,4/28/2023,$201.45,2/19/2024
372,358,458,2/4/2025,$20.06,4/6/2021
373,969,597,1/14/2021,$60.59,12/16/2022
374,171,397,12/19/2022,$15.66,6/30/2020
375,435,201,10/11/2023,$227.39,8/23/2024
376,760,535,11/18/2023,$412.19,7/2/2020
377,233,97,1/23/2023,$345.71,7/28/2021
378,61,864,6/16/2023,$435.47,3/22/2021
379,57,490,5/11/2022,$438.30,11/26/2023
380,2,374,3/28/2025,$182.39,8/18/2022
381,710,340,10/13/2022,$59.88,10/16/2020
382,141,709,10/25/2021,$338.97,1/28/2023
383,716,262,8/2/2021,$325.79,10/1/2021
384,243,172,2/13/2023,$470.98,1/29/2025
385,865,782,1/1/2023,$207.48,1/22/2024
386,268,463,3/26/2023,$494.18,3/28/2025
387,177,479,8/16/2024,$254.53,6/14/2024
388,334,508,3/20/2022,$295.95,3/9/2020
389,768,477,3/2/2025,$463.72,12/13/2020
390,141,241,4/5/2022,$415.45,7/17/2021
391,90,285,2/2/2025,$230.73,10/29/2022
392,75,12,12/8/2024,$403.92,10/1/2023
393,104,558,10/1/2022,$256.59,9/28/2022
394,856,262,8/2/2024,$282.81,12/11/2020
395,454,436,4/6/2020,$424.82,3/21/2022
396,488,650,4/5/2022,$355.02,4/1/2024
397,216,558,8/26/2020,$148.52,5/29/2020
398,777,516,8/25/2021,$82.17,11/30/2021
399,538,690,4/23/2020,$158.71,3/22/2021
400,924,219,5/28/2024,$324.38,3/28/2024
401,583,796,5/11/2021,$391.52,5/22/2024
402,48,481,3/23/2025,$341.67,10/31/2020
403,852,126,3/7/2023,$162.48,9/28/2024
404,24,668,9/26/2020,$205.59,6/19/2020
405,794,486,6/19/2022,$75.76,3/22/2024
406,972,713,6/21/2022,$346.69,2/4/2020
407,871,386,5/13/2024,$487.18,9/29/2022
408,714,156,5/10/2020,$466.28,8/26/2023
409,348,509,6/24/2022,$457.59,11/18/2022
410,247,707,1/24/2023,$52.82,5/29/2023
411,460,938,7/31/2020,$432.78,5/1/2023
412,149,403,12/22/2023,$248.00,12/4/2022
413,256,674,5/26/2024,$203.28,3/19/2020
414,812,48,4/17/2020,$292.71,9/17/2022
415,902,408,9/9/2020,$26.88,11/30/2023
416,408,459,11/13/2023,$58.40,4/4/2024
417,345,264,6/4/2020,$449.98,1/9/2025
418,934,782,4/23/2024,$420.23,12/7/2020
419,956,680,7/8/2023,$448.78,12/12/2022
420,347,792,6/9/2021,$430.32,9/13/2024
421,487,973,7/12/2020,$53.69,4/28/2023
422,410,153,2/7/2024,$397.81,4/27/2024
423,242,717,3/6/2021,$171.47,2/7/2022
424,144,137,12/9/2021,$210.49,11/2/2021
425,489,213,11/30/2020,$283.94,9/7/2020
426,825,742,1/12/2022,$126.05,5/23/2020
427,212,995,1/6/2024,$110.09,11/20/2024
428,391,483,9/17/2024,$499.02,11/15/2021
429,854,744,7/6/2021,$19.19,3/22/2022
430,389,16,6/30/2021,$423.54,11/28/2023
431,577,972,6/29/2021,$16.96,3/14/2025
432,98,295,8/30/2021,$112.21,4/24/2021
433,659,878,5/6/2024,$106.58,6/5/2024
434,648,214,11/17/2023,$293.73,4/27/2021
435,722,116,4/10/2024,$95.62,7/6/2024
436,62,78,12/3/2021,$492.72,5/18/2024
437,255,59,4/16/2021,$380.50,6/22/2024
438,844,896,2/7/2023,$335.95,3/1/2025
439,218,290,11/24/2023,$235.87,1/31/2025
440,707,721,5/11/2021,$251.22,2/9/2020
441,19,288,11/15/2024,$296.38,7/3/2023
442,906,840,8/3/2024,$243.33,1/19/2023
443,280,88,5/21/2021,$250.50,1/10/2025
444,705,489,7/17/2021,$250.86,4/18/2020
445,844,669,2/2/2023,$247.96,11/2/2020
446,834,656,9/1/2022,$135.27,11/5/2022
447,716,496,6/24/2021,$82.17,5/24/2023
448,313,890,9/9/2021,$208.04,9/14/2020
449,392,378,2/15/2023,$326.06,5/21/2021
450,22,970,4/2/2022,$234.16,1/28/2020
451,992,786,10/15/2023,$189.90,5/2/2022
452,971,99,2/25/2022,$75.88,9/8/2020
453,87,326,4/29/2020,$357.60,6/20/2023
454,780,371,6/9/2021,$498.96,8/17/2021
455,72,281,11/10/2024,$314.04,12/4/2021
456,699,67,6/27/2023,$17.24,1/23/2021
457,755,341,8/4/2021,$51.17,3/25/2021
458,819,994,11/16/2022,$469.55,2/12/2023
459,804,46,1/11/2020,$459.01,3/30/2022
460,756,305,12/8/2022,$236.16,7/27/2022
461,534,676,5/2/2020,$144.59,3/9/2024
462,894,526,3/31/2023,$323.15,5/20/2020
463,932,830,12/31/2022,$64.83,8/2/2020
464,65,777,4/14/2024,$18.84,10/15/2022
465,805,794,5/31/2020,$152.24,9/3/2022
466,97,277,3/25/2024,$429.11,2/4/2023
467,640,450,11/19/2022,$93.98,2/28/2025
468,986,198,10/19/2024,$313.78,5/2/2024
469,975,930,11/30/2023,$499.06,2/13/2020
470,20,938,2/27/2022,$451.36,10/14/2024
471,83,922,1/7/2024,$433.19,3/11/2024
472,379,622,11/15/2024,$196.21,10/22/2020
473,138,795,10/9/2020,$306.69,9/10/2021
474,815,37,5/7/2021,$392.88,11/21/2021
475,257,729,7/1/2023,$65.61,9/25/2023
476,137,246,10/30/2022,$440.54,10/22/2022
477,966,27,2/11/2025,$193.86,6/6/2024
478,905,100,2/17/2021,$246.31,10/12/2021
479,594,769,12/26/2020,$196.10,9/12/2020
480,983,815,7/26/2022,$148.22,8/17/2022
481,566,514,11/30/2020,$343.30,7/28/2021
482,802,879,9/2/2022,$116.94,4/9/2023
483,181,707,1/11/2022,$165.22,6/23/2023
484,381,121,11/11/2021,$144.46,10/14/2021
485,164,611,1/21/2022,$95.40,1/4/2021
486,88,874,4/15/2021,$232.47,6/29/2020
487,822,732,4/12/2023,$12.62,12/10/2023
488,381,678,12/16/2023,$76.91,5/24/2024
489,771,61,7/25/2022,$303.69,12/1/2023
490,992,239,11/7/2021,$31.36,7/17/2022
491,3,707,3/14/2021,$260.64,8/7/2020
492,453,333,4/23/2024,$253.59,6/20/2024
493,298,950,7/8/2020,$473.47,1/16/2021
494,645,133,8/4/2020,$462.77,10/3/2022
495,106,137,1/4/2020,$61.96,3/5/2025
496,863,529,8/7/2021,$303.95,6/27/2024
497,621,919,10/24/2023,$360.62,12/17/2024
498,202,652,8/30/2024,$206.87,3/31/2024
499,250,686,5/19/2021,$496.85,4/1/2021
500,78,930,4/20/2021,$390.20,11/5/2024
501,783,95,5/15/2024,$59.75,4/2/2020
502,679,759,8/24/2024,$494.36,8/19/2023
503,508,183,8/14/2020,$487.22,3/4/2022
504,886,197,1/29/2024,$157.89,8/11/2022
505,151,455,3/19/2024,$120.05,4/3/2023
506,907,530,11/24/2022,$83.81,8/2/2022
507,146,479,3/28/2023,$434.52,11/7/2023
508,546,866,7/17/2020,$138.74,11/6/2023
509,546,572,12/29/2020,$227.49,5/25/2021
510,19,241,6/24/2022,$148.92,5/9/2022
511,568,26,11/28/2022,$370.50,12/17/2022
512,503,775,1/12/2024,$423.76,11/9/2022
513,429,386,11/18/2022,$405.76,9/25/2022
514,336,360,12/13/2020,$453.07,1/31/2025
515,236,725,10/11/2021,$104.12,12/31/2024
516,346,213,3/10/2023,$440.04,1/14/2025
517,570,297,12/23/2023,$71.91,7/14/2022
518,113,129,12/7/2024,$399.41,1/29/2023
519,85,895,1/8/2021,$275.35,4/16/2023
520,947,465,8/7/2020,$223.41,7/6/2023
521,99,151,9/15/2020,$363.20,4/3/2022
522,483,801,10/23/2023,$209.34,1/9/2022
523,626,521,3/4/2022,$98.24,2/29/2024
524,784,157,9/20/2023,$426.91,7/31/2021
525,187,786,6/7/2021,$464.75,4/13/2022
526,673,185,4/5/2023,$19.79,4/30/2020
527,569,599,1/12/2020,$142.00,2/15/2024
528,1000,588,10/10/2021,$465.98,11/14/2023
529,421,634,3/21/2025,$480.99,12/2/2024
530,270,18,9/7/2023,$56.92,5/28/2023
531,612,814,12/8/2021,$267.14,10/13/2020
532,836,834,9/19/2022,$59.10,6/14/2020
533,100,533,9/15/2024,$471.52,6/19/2021
534,919,972,9/16/2020,$464.23,1/8/2021
535,296,386,4/22/2024,$209.72,10/24/2020
536,729,569,6/20/2024,$327.12,7/30/2022
537,711,841,2/3/2020,$119.24,11/20/2020
538,379,930,4/11/2021,$263.21,1/18/2023
539,102,184,8/7/2023,$159.96,10/19/2024
540,409,398,5/21/2021,$37.84,7/31/2020
541,653,465,10/21/2022,$152.13,2/9/2024
542,149,313,12/7/2024,$409.34,1/22/2024
543,209,901,4/10/2021,$385.84,2/16/2022
544,244,518,9/23/2022,$128.72,2/12/2025
545,598,34,2/24/2020,$88.55,7/7/2022
546,999,133,1/10/2023,$129.47,12/22/2024
547,941,768,10/11/2022,$435.64,4/6/2020
548,59,917,1/16/2025,$188.36,3/14/2024
549,370,725,5/24/2020,$359.69,12/25/2021
550,493,17,1/17/2021,$27.62,2/28/2022
551,907,225,5/13/2021,$179.51,7/27/2022
552,15,815,1/31/2024,$431.37,12/17/2024
553,573,160,12/18/2022,$301.76,3/17/2021
554,555,286,7/30/2020,$444.53,1/2/2020
555,574,771,12/13/2021,$221.73,12/6/2020
556,629,819,9/3/2023,$258.59,8/5/2022
557,489,786,10/4/2023,$393.39,2/19/2021
558,437,399,11/19/2024,$391.88,5/13/2024
559,89,611,4/9/2020,$281.21,1/21/2023
560,909,663,3/29/2022,$16.59,2/25/2021
561,895,837,5/21/2021,$72.44,4/14/2024
562,740,768,4/26/2020,$45.76,7/22/2020
563,587,396,3/29/2023,$86.71,2/26/2020
564,768,426,10/7/2020,$318.57,1/2/2023
565,500,837,8/11/2023,$59.25,2/11/2021
566,273,45,1/14/2025,$106.44,1/9/2020
567,981,519,11/7/2023,$362.19,10/16/2023
568,248,443,3/24/2025,$318.64,4/22/2024
569,257,744,1/17/2021,$255.17,5/13/2022
570,74,438,6/6/2022,$19.35,3/25/2022
571,796,180,10/17/2024,$364.71,8/13/2024
572,367,543,5/21/2022,$311.40,9/7/2023
573,377,143,2/18/2020,$386.36,11/10/2022
574,678,231,5/29/2022,$446.10,7/30/2021
575,517,836,1/8/2020,$184.35,6/11/2021
576,924,873,5/17/2022,$300.42,10/15/2022
577,967,191,4/2/2022,$216.74,8/10/2024
578,746,423,10/19/2021,$44.75,8/8/2020
579,232,882,5/19/2023,$351.02,9/20/2024
580,137,929,12/14/2022,$83.32,7/12/2021
581,371,968,6/7/2021,$445.59,4/27/2020
582,555,327,12/20/2020,$175.28,4/19/2024
583,456,253,2/20/2022,$382.46,5/5/2024
584,307,17,5/21/2022,$266.42,6/1/2022
585,964,194,6/3/2022,$212.84,6/26/2020
586,851,347,1/18/2024,$400.12,12/16/2022
587,731,804,3/13/2020,$443.64,10/22/2022
588,416,753,7/28/2020,$152.81,10/28/2022
589,289,207,11/10/2021,$170.78,3/21/2022
590,489,962,7/2/2023,$392.70,9/6/2020
591,48,740,4/25/2023,$354.84,7/4/2024
592,438,101,5/5/2024,$213.14,5/30/2021
593,363,415,1/29/2020,$35.10,10/3/2022
594,820,468,11/25/2022,$295.77,2/1/2024
595,444,722,4/18/2022,$17.12,1/20/2020
596,735,34,12/22/2024,$11.40,3/7/2021
597,58,957,12/30/2024,$409.95,8/20/2021
598,744,689,10/25/2020,$221.79,11/5/2020
599,38,660,3/21/2025,$265.75,10/13/2024
600,415,884,6/5/2021,$154.84,7/23/2024
601,677,131,2/6/2020,$419.04,3/12/2021
602,132,808,2/4/2022,$428.17,6/24/2021
603,456,835,8/14/2021,$351.10,8/1/2020
604,443,691,10/7/2024,$330.82,7/14/2023
605,499,524,12/18/2023,$267.61,11/14/2023
606,218,292,9/26/2023,$250.26,2/23/2023
607,415,710,10/17/2024,$76.32,2/7/2020
608,441,344,5/11/2021,$350.90,10/23/2022
609,12,8,12/9/2024,$80.58,1/3/2020
610,941,593,5/1/2021,$200.22,3/10/2020
611,638,851,2/4/2020,$234.36,11/30/2020
612,904,680,1/21/2023,$405.53,11/14/2021
613,327,5,6/6/2021,$105.14,10/19/2020
614,12,15,8/14/2022,$61.26,2/5/2020
615,98,243,10/5/2021,$411.29,8/19/2021
616,346,542,1/15/2022,$248.46,9/18/2024
617,340,575,3/4/2024,$153.96,7/3/2024
618,966,425,6/13/2021,$58.04,6/12/2022
619,394,110,12/15/2024,$380.79,6/18/2023
620,26,516,2/15/2023,$454.65,9/3/2021
621,517,380,4/17/2023,$139.54,2/5/2020
622,813,681,5/1/2024,$492.66,6/12/2024
623,184,790,1/15/2020,$364.03,6/21/2022
624,790,218,3/16/2021,$483.17,2/26/2022
625,272,443,12/17/2022,$129.83,5/8/2022
626,281,678,12/23/2022,$249.15,3/18/2020
627,701,24,7/12/2024,$178.58,2/25/2021
628,216,656,3/29/2024,$256.57,11/3/2023
629,668,800,8/31/2020,$271.93,10/29/2022
630,566,975,12/29/2021,$138.47,8/29/2021
631,489,601,1/5/2021,$375.14,4/20/2021
632,643,229,7/7/2024,$60.82,7/7/2022
633,357,498,1/5/2025,$105.19,5/20/2024
634,949,439,7/20/2022,$22.53,10/2/2021
635,994,249,3/12/2025,$482.11,4/4/2024
636,35,912,3/9/2025,$163.59,6/30/2020
637,643,897,2/25/2024,$317.84,9/30/2021
638,302,34,4/3/2023,$353.82,10/24/2022
639,131,836,3/27/2024,$445.51,8/30/2023
640,732,323,1/26/2023,$365.57,3/25/2020
641,875,141,2/17/2021,$50.29,7/17/2023
642,624,940,6/19/2021,$301.64,10/22/2022
643,798,438,8/8/2020,$77.95,11/2/2024
644,930,529,1/12/2025,$499.53,5/27/2020
645,413,804,7/14/2022,$240.77,2/14/2023
646,262,672,2/25/2025,$216.35,2/22/2023
647,9,428,9/25/2021,$349.37,10/23/2023
648,592,745,4/25/2021,$47.99,4/22/2020
649,741,556,10/29/2024,$438.63,2/24/2020
650,644,27,1/27/2024,$80.19,9/20/2023
651,833,68,8/30/2024,$328.92,10/17/2023
652,997,630,10/12/2022,$198.21,12/9/2024
653,842,734,4/16/2020,$391.99,2/12/2021
654,512,912,8/13/2024,$182.75,3/17/2024
655,673,61,7/18/2022,$17.19,7/5/2022
656,721,234,5/2/2020,$490.77,11/7/2022
657,971,803,4/21/2021,$148.74,10/23/2022
658,712,447,12/26/2021,$467.09,9/5/2024
659,448,562,2/7/2023,$121.59,1/11/2021
660,331,545,10/28/2020,$472.63,9/22/2020
661,507,88,2/28/2023,$428.76,5/7/2024
662,930,706,1/26/2024,$57.94,12/10/2020
663,476,109,3/8/2023,$124.93,11/15/2022
664,251,275,5/13/2022,$226.10,8/23/2020
665,445,866,2/9/2021,$100.94,1/11/2022
666,473,924,2/24/2021,$417.70,9/11/2020
667,55,529,11/30/2020,$401.55,4/10/2024
668,912,378,5/31/2020,$419.26,12/30/2020
669,698,818,5/1/2022,$449.60,8/25/2022
670,305,324,8/14/2020,$85.32,6/29/2020
671,430,721,3/26/2024,$200.60,3/23/2020
672,516,627,10/24/2022,$136.83,4/5/2023
673,283,994,5/5/2024,$134.01,7/7/2023
674,45,270,8/11/2021,$83.78,2/4/2020
675,973,105,10/4/2021,$288.95,8/19/2023
676,500,291,11/24/2023,$466.95,2/17/2025
677,439,188,6/5/2020,$144.72,1/22/2021
678,894,403,7/21/2022,$257.78,3/29/2023
679,538,588,4/1/2020,$71.21,11/8/2021
680,624,177,5/8/2024,$190.49,4/22/2020
681,100,394,5/12/2023,$47.39,5/8/2022
682,34,893,6/27/2020,$143.29,12/31/2024
683,598,850,1/6/2020,$142.38,7/6/2021
684,508,631,6/23/2024,$347.23,9/17/2022
685,138,459,8/28/2024,$196.96,12/5/2022
686,840,807,4/3/2020,$237.29,3/23/2025
687,901,287,1/21/2024,$171.17,4/30/2021
688,700,585,6/17/2024,$101.51,12/1/2021
689,506,997,2/28/2025,$413.56,7/13/2023
690,378,171,6/25/2021,$58.23,9/2/2023
691,815,104,1/20/2024,$10.19,10/28/2021
692,269,473,1/22/2021,$310.27,8/2/2021
693,853,377,7/3/2020,$131.04,6/27/2023
694,119,910,8/13/2020,$68.52,9/8/2020
695,492,50,8/14/2023,$83.37,12/26/2024
696,365,758,11/21/2020,$283.38,6/17/2024
697,327,985,4/27/2022,$70.06,12/8/2022
698,867,944,11/16/2024,$66.84,11/9/2020
699,874,526,7/21/2022,$190.74,12/22/2020
700,509,107,6/29/2024,$383.61,4/4/2020
701,262,413,1/29/2022,$373.25,12/6/2022
702,725,199,9/19/2021,$215.19,1/15/2022
703,794,664,4/4/2024,$387.63,6/12/2023
704,388,79,5/24/2021,$70.80,7/25/2021
705,888,689,5/31/2023,$362.10,7/19/2020
706,931,925,7/23/2024,$148.66,7/25/2021
707,944,986,9/11/2022,$482.54,12/22/2024
708,922,421,3/6/2024,$372.85,1/25/2024
709,699,859,12/20/2020,$338.07,12/6/2024
710,913,993,4/19/2023,$162.77,8/1/2023
711,912,719,2/1/2023,$216.94,2/20/2020
712,752,917,10/13/2020,$38.27,2/10/2024
713,354,722,2/16/2025,$200.55,2/24/2025
714,155,873,3/18/2023,$168.53,10/5/2020
715,941,619,10/14/2020,$20.38,3/21/2021
716,399,330,1/5/2022,$28.30,3/24/2021
717,803,194,1/28/2022,$93.40,9/29/2022
718,31,35,10/31/2022,$104.88,11/1/2024
719,383,681,7/14/2022,$225.90,6/1/2024
720,247,725,2/29/2024,$385.70,9/16/2022
721,212,826,5/22/2023,$459.30,8/8/2023
722,434,295,11/29/2023,$461.32,3/18/2022
723,308,122,6/19/2021,$67.74,12/2/2023
724,430,654,2/29/2024,$63.83,9/8/2020
725,875,506,4/15/2022,$315.78,7/28/2021
726,711,225,12/16/2023,$225.04,9/28/2023
727,617,166,6/8/2024,$59.97,12/21/2023
728,402,324,3/6/2020,$442.22,9/18/2020
729,900,944,11/20/2022,$43.53,9/19/2024
730,877,686,4/26/2024,$206.13,3/12/2021
731,804,303,12/1/2022,$465.25,6/14/2023
732,896,642,2/7/2022,$433.84,9/26/2024
733,154,743,3/27/2022,$60.77,7/20/2024
734,449,857,1/10/2024,$102.47,3/14/2022
735,612,178,6/14/2020,$464.62,8/25/2023
736,462,758,11/5/2020,$163.43,3/10/2025
737,686,97,11/15/2023,$406.29,11/18/2023
738,447,571,3/12/2024,$249.94,10/30/2023
739,591,839,7/7/2022,$351.99,8/2/2021
740,480,578,5/19/2023,$291.76,1/9/2024
741,916,259,5/5/2024,$197.81,4/17/2021
742,399,913,4/27/2021,$415.54,8/19/2021
743,922,110,3/29/2021,$423.52,6/20/2021
744,677,714,4/14/2022,$252.74,3/13/2023
745,850,298,7/22/2024,$399.59,2/17/2025
746,475,383,12/3/2023,$200.97,8/19/2024
747,383,592,8/14/2023,$86.29,10/10/2020
748,983,495,4/28/2024,$272.43,10/22/2020
749,513,441,7/25/2021,$411.15,9/30/2020
750,55,91,4/7/2024,$246.28,12/19/2022
751,977,443,2/18/2021,$406.08,7/26/2020
752,872,29,6/21/2021,$16.04,9/14/2020
753,319,144,6/12/2023,$338.69,1/21/2023
754,809,940,7/5/2023,$361.02,11/22/2021
755,997,830,2/17/2020,$357.48,3/17/2022
756,695,371,10/17/2021,$364.68,3/13/2021
757,625,811,1/9/2022,$149.79,4/19/2024
758,832,611,7/9/2020,$254.61,3/21/2024
759,491,365,3/30/2021,$437.76,2/26/2025
760,787,503,10/12/2022,$63.34,2/12/2020
761,444,264,8/9/2020,$49.98,7/10/2024
762,829,673,7/23/2023,$479.33,7/22/2023
763,643,326,4/24/2020,$441.61,5/26/2024
764,145,747,5/21/2023,$120.18,3/11/2023
765,976,913,1/18/2020,$98.12,1/14/2024
766,326,720,12/2/2024,$290.45,5/25/2020
767,643,139,8/14/2023,$186.58,7/12/2020
768,302,587,10/27/2024,$321.67,11/7/2022
769,960,841,3/19/2025,$203.61,6/11/2022
770,988,910,4/23/2021,$324.12,8/7/2023
771,876,837,7/23/2021,$414.02,10/20/2024
772,526,308,2/3/2023,$424.30,8/7/2022
773,880,628,6/26/2024,$413.18,10/12/2020
774,170,645,10/7/2020,$384.95,5/9/2020
775,2,956,7/28/2020,$12.31,12/27/2024
776,980,235,2/12/2021,$170.49,6/4/2020
777,731,117,1/21/2022,$225.86,9/10/2022
778,337,460,10/10/2020,$498.74,9/8/2020
779,724,730,8/4/2022,$111.00,8/22/2021
780,84,116,6/12/2022,$261.00,12/8/2020
781,492,872,10/23/2023,$325.27,7/14/2021
782,216,992,8/15/2021,$228.89,1/12/2020
783,419,741,2/15/2025,$254.24,9/30/2022
784,849,43,9/19/2021,$223.74,3/3/2021
785,134,124,7/20/2024,$451.45,4/3/2022
786,173,541,9/14/2020,$188.24,2/26/2023
787,329,974,7/8/2021,$306.99,12/10/2023
788,797,619,11/9/2024,$217.80,5/7/2023
789,420,653,8/17/2022,$134.47,3/27/2025
790,658,899,1/3/2025,$374.13,4/25/2023
791,753,292,10/15/2024,$17.35,12/19/2021
792,389,193,7/23/2021,$451.87,5/8/2024
793,424,704,10/23/2022,$453.72,8/27/2021
794,558,566,10/19/2024,$96.03,7/22/2022
795,775,846,10/15/2020,$415.20,1/4/2023
796,269,730,9/20/2021,$392.15,12/7/2023
797,952,822,4/2/2020,$21.34,6/19/2022
798,296,325,1/14/2021,$322.04,4/27/2022
799,561,438,11/6/2023,$261.02,5/8/2023
800,531,955,1/8/2020,$184.82,12/23/2020
801,185,788,4/8/2021,$421.37,11/15/2022
802,170,556,2/21/2024,$281.94,3/27/2023
803,74,932,8/9/2020,$448.19,7/21/2024
804,440,904,6/7/2022,$351.94,11/4/2022
805,578,541,7/19/2021,$369.67,2/8/2022
806,399,13,4/12/2024,$241.44,4/4/2024
807,497,933,1/6/2025,$87.54,2/13/2021
808,898,671,7/4/2023,$457.13,5/30/2024
809,3,143,6/3/2023,$85.91,5/7/2021
810,861,814,1/17/2020,$122.76,10/1/2022
811,548,522,4/20/2022,$429.10,1/15/2024
812,607,264,6/4/2023,$228.47,6/8/2023
813,824,520,3/21/2020,$239.22,4/8/2020
814,224,333,4/29/2020,$284.00,2/3/2025
815,330,660,9/24/2023,$53.74,3/14/2021
816,248,443,5/3/2020,$463.47,10/6/2024
817,64,446,11/28/2021,$57.58,8/26/2020
818,945,171,11/12/2023,$283.96,6/16/2021
819,852,585,11/25/2021,$308.17,1/9/2020
820,625,607,11/28/2022,$340.53,9/19/2024
821,521,923,12/12/2022,$439.17,11/29/2022
822,782,918,1/16/2025,$456.54,8/25/2020
823,782,228,3/21/2022,$284.39,3/24/2024
824,398,834,7/5/2022,$21.93,8/23/2022
825,284,190,2/28/2022,$283.62,8/24/2024
826,832,262,2/25/2021,$477.01,12/10/2024
827,5,315,7/13/2021,$444.28,11/3/2023
828,936,78,2/24/2023,$339.21,4/25/2023
829,591,162,7/13/2021,$309.54,10/20/2021
830,225,40,2/1/2021,$306.25,1/6/2021
831,937,421,9/27/2023,$12.41,6/17/2023
832,707,500,4/16/2024,$166.68,7/18/2023
833,819,670,3/27/2024,$239.08,1/15/2020
834,662,747,1/9/2023,$131.81,5/17/2020
835,734,443,1/1/2022,$312.49,4/12/2024
836,444,168,9/2/2022,$267.62,10/2/2022
837,339,641,11/12/2023,$254.45,3/14/2020
838,882,791,9/28/2023,$306.31,8/8/2024
839,853,9,3/17/2022,$219.49,5/26/2023
840,411,234,8/19/2024,$102.01,4/17/2021
841,887,886,11/30/2020,$11.63,6/15/2020
842,839,681,3/6/2023,$362.93,1/21/2021
843,742,410,2/25/2025,$156.65,5/18/2022
844,731,567,5/18/2024,$241.57,10/29/2021
845,710,964,1/23/2025,$132.07,4/8/2021
846,317,163,1/11/2025,$350.11,11/28/2023
847,149,808,2/14/2023,$262.61,12/9/2022
848,4,430,3/11/2021,$173.27,10/12/2021
849,239,895,2/13/2022,$208.21,12/22/2020
850,821,832,1/11/2023,$241.14,2/29/2020
851,422,370,7/22/2021,$87.72,3/24/2021
852,174,465,2/10/2025,$205.22,8/7/2022
853,509,924,9/26/2022,$288.46,9/18/2020
854,104,738,8/28/2021,$321.32,12/31/2021
855,2,972,9/10/2020,$461.68,11/8/2021
856,331,820,3/2/2025,$360.64,7/22/2020
857,238,236,10/6/2022,$134.33,3/31/2021
858,541,76,10/20/2020,$58.26,3/18/2025
859,996,547,7/5/2022,$105.85,5/11/2024
860,136,629,9/4/2021,$157.09,7/12/2020
861,834,722,10/6/2022,$219.69,10/16/2024
862,593,727,2/18/2025,$356.11,4/19/2023
863,489,592,5/13/2023,$125.30,3/24/2021
864,92,890,12/3/2020,$186.68,8/11/2023
865,38,126,1/19/2020,$97.33,10/26/2020
866,391,338,2/1/2020,$101.41,3/14/2021
867,692,455,7/24/2023,$145.01,3/4/2024
868,453,44,12/15/2020,$46.99,4/20/2020
869,175,95,5/17/2022,$17.45,5/19/2021
870,600,213,5/19/2024,$109.76,10/9/2023
871,993,755,10/23/2023,$10.83,7/10/2021
872,158,320,5/18/2024,$212.63,5/18/2024
873,495,776,5/29/2022,$185.76,12/30/2020
874,121,364,2/18/2020,$375.99,10/25/2024
875,159,713,6/20/2022,$20.45,8/5/2020
876,908,716,4/11/2020,$412.90,11/10/2022
877,709,447,3/18/2025,$434.16,11/2/2023
878,81,365,3/9/2025,$339.35,4/24/2021
879,946,914,10/21/2023,$212.15,7/10/2020
880,789,929,6/12/2020,$340.24,4/18/2022
881,763,553,12/3/2020,$228.91,3/19/2024
882,746,125,4/4/2022,$359.77,4/28/2022
883,599,49,11/21/2023,$230.93,3/3/2020
884,936,265,3/6/2024,$36.58,4/13/2020
885,393,137,1/22/2022,$389.43,5/24/2022
886,600,107,6/30/2024,$305.67,11/7/2023
887,325,967,2/29/2024,$13.72,9/5/2020
888,935,921,4/25/2022,$321.37,12/8/2023
889,198,51,4/12/2020,$168.08,8/7/2020
890,673,75,11/1/2020,$162.96,1/3/2023
891,862,425,1/24/2021,$454.37,4/6/2020
892,126,480,8/24/2021,$351.62,7/3/2022
893,857,941,12/8/2024,$49.99,3/13/2023
894,326,361,1/24/2021,$31.25,10/9/2022
895,485,690,6/27/2020,$334.97,3/24/2023
896,792,378,1/23/2020,$290.64,11/30/2024
897,363,823,12/8/2020,$104.55,9/29/2020
898,545,887,4/24/2023,$175.54,5/7/2024
899,868,403,12/17/2024,$467.69,6/26/2023
900,656,996,12/3/2020,$384.56,4/9/2020
901,164,735,10/10/2023,$198.07,9/16/2023
902,691,2,9/27/2024,$88.42,7/14/2020
903,551,775,4/15/2024,$353.57,12/22/2021
904,628,212,10/16/2021,$22.26,6/6/2023
905,605,448,4/17/2020,$280.32,11/30/2024
906,987,479,11/13/2021,$440.70,10/12/2024
907,517,652,9/3/2021,$83.38,7/7/2022
908,896,425,3/25/2022,$330.19,5/27/2020
909,172,188,6/16/2020,$357.56,12/1/2021
910,414,296,3/26/2021,$344.12,10/11/2020
911,819,104,1/19/2024,$305.76,10/23/2023
912,277,523,6/18/2022,$115.01,5/31/2021
913,807,579,7/18/2022,$353.80,1/30/2023
914,510,722,3/15/2025,$306.13,3/26/2025
915,116,662,7/4/2024,$186.27,2/27/2025
916,37,138,12/13/2020,$50.80,7/18/2020
917,735,759,10/10/2022,$413.07,3/27/2021
918,330,922,5/27/2020,$262.77,10/21/2020
919,456,55,3/24/2021,$166.13,1/1/2022
920,488,746,8/2/2022,$480.95,8/4/2021
921,444,552,1/20/2021,$90.42,8/25/2024
922,878,217,6/19/2020,$354.58,7/7/2023
923,954,768,7/24/2024,$154.11,8/5/2022
924,27,810,1/12/2025,$183.52,11/15/2022
925,99,937,3/24/2023,$387.64,1/28/2021
926,576,65,11/27/2021,$410.57,5/20/2022
927,220,322,12/15/2021,$438.81,2/17/2022
928,210,834,11/10/2023,$315.35,5/5/2023
929,141,771,3/26/2023,$185.64,11/10/2022
930,42,44,6/26/2022,$337.88,11/28/2022
931,198,287,4/2/2022,$451.66,8/5/2021
932,344,208,1/1/2023,$57.84,12/26/2023
933,107,955,10/2/2021,$20.88,9/28/2022
934,987,738,7/22/2022,$261.72,7/30/2020
935,624,890,11/27/2020,$242.34,12/17/2021
936,722,379,5/18/2022,$22.59,3/26/2021
937,693,86,4/24/2022,$464.82,7/31/2024
938,884,382,4/9/2022,$417.09,10/16/2022
939,625,774,12/29/2022,$439.96,8/23/2020
940,875,744,10/24/2020,$16.93,8/5/2021
941,226,100,12/28/2024,$265.82,6/27/2021
942,357,645,11/4/2023,$415.43,3/15/2025
943,623,577,1/18/2024,$150.49,3/27/2020
944,471,399,5/25/2020,$46.63,7/29/2022
945,538,246,1/2/2021,$168.96,3/4/2022
946,261,51,12/2/2022,$237.81,6/15/2023
947,506,401,6/10/2023,$48.65,4/8/2024
948,268,129,9/26/2021,$259.39,6/8/2021
949,72,133,3/10/2024,$328.85,5/8/2020
950,134,391,5/31/2021,$244.57,12/22/2020
951,959,399,8/7/2023,$499.81,12/19/2023
952,495,483,3/20/2021,$290.36,7/20/2021
953,580,422,2/21/2020,$400.86,12/7/2021
954,491,429,2/3/2025,$213.15,8/4/2023
955,302,840,12/6/2020,$267.73,4/13/2022
956,492,676,12/10/2021,$175.44,5/7/2023
957,954,106,12/21/2024,$480.81,5/16/2021
958,791,254,2/2/2021,$217.09,8/11/2020
959,675,404,5/20/2021,$396.58,2/15/2024
960,428,220,4/20/2021,$338.58,3/16/2022
961,371,381,6/9/2024,$416.96,2/23/2025
962,792,790,7/20/2022,$176.44,1/26/2023
963,664,356,12/28/2022,$246.11,8/14/2024
964,118,916,8/15/2021,$483.92,8/11/2021
965,226,396,8/19/2021,$124.08,11/15/2021
966,338,497,9/13/2021,$128.11,4/12/2022
967,267,412,11/21/2021,$22.33,11/30/2021
968,984,684,11/21/2020,$111.73,4/17/2022
969,372,725,12/17/2021,$284.83,10/28/2021
970,247,851,2/4/2021,$19.91,9/9/2023
971,366,518,9/7/2021,$432.31,2/7/2021
972,932,944,5/5/2023,$108.62,1/30/2025
973,210,895,9/9/2024,$149.30,7/23/2023
974,795,649,11/25/2024,$448.16,8/1/2020
975,478,79,1/3/2024,$242.21,10/13/2024
976,721,868,12/25/2022,$426.90,5/16/2022
977,726,611,4/9/2023,$382.38,3/11/2023
978,645,381,12/25/2023,$61.40,6/30/2024
979,157,716,4/11/2022,$140.97,3/21/2022
980,338,474,11/2/2020,$282.43,1/14/2025
981,55,173,6/1/2022,$362.57,8/26/2023
982,300,598,5/17/2023,$321.72,1/20/2020
983,249,114,6/26/2021,$407.07,3/12/2024
984,477,29,10/4/2020,$314.26,1/30/2022
985,940,571,9/10/2022,$279.25,5/8/2022
986,278,276,5/11/2024,$177.21,12/5/2023
987,738,444,1/24/2023,$304.07,11/16/2021
988,730,615,4/4/2020,$75.76,12/8/2021
989,3,285,9/22/2022,$487.82,10/28/2023
990,954,397,1/26/2020,$28.59,11/27/2021
991,416,317,10/21/2024,$431.86,5/26/2023
992,656,770,7/19/2023,$405.10,9/11/2024
993,177,568,2/11/2021,$118.68,10/22/2020
994,676,482,8/31/2020,$195.13,10/21/2022
995,457,243,7/20/2020,$179.97,10/3/2020
996,763,490,9/16/2020,$197.80,8/22/2020
997,89,852,4/4/2020,$52.66,5/4/2021
998,449,562,12/26/2020,$242.89,6/26/2024
999,408,282,1/17/2020,$172.18,7/11/2022
1000,30,142,3/26/2020,$162.33,3/18/2020
